/*
SQLyog 企业版 - MySQL GUI v8.14 
MySQL - 5.6.16 : Database - docu_erp
*********************************************************************
*/

/*!40101 SET NAMES utf8 */;

/*!40101 SET SQL_MODE=''*/;

/*!40014 SET @OLD_UNIQUE_CHECKS=@@UNIQUE_CHECKS, UNIQUE_CHECKS=0 */;
/*!40014 SET @OLD_FOREIGN_KEY_CHECKS=@@FOREIGN_KEY_CHECKS, FOREIGN_KEY_CHECKS=0 */;
/*!40101 SET @OLD_SQL_MODE=@@SQL_MODE, SQL_MODE='NO_AUTO_VALUE_ON_ZERO' */;
/*!40111 SET @OLD_SQL_NOTES=@@SQL_NOTES, SQL_NOTES=0 */;
CREATE DATABASE /*!32312 IF NOT EXISTS*/`docu_erp` /*!40100 DEFAULT CHARACTER SET utf8 */;

USE `docu_erp`;

/*Table structure for table `docu_erp_account` */

DROP TABLE IF EXISTS `docu_erp_account`;

CREATE TABLE `docu_erp_account` (
  `ACCOUNT_ID` bigint(20) NOT NULL,
  `USER_ID` varchar(20) NOT NULL,
  `BALANCE` decimal(16,3) DEFAULT NULL,
  `ACCOUNT_TYPE` varchar(1) NOT NULL DEFAULT '1',
  `UPDATE_BY` varchar(20) DEFAULT NULL,
  `UPDATE_TIME` datetime DEFAULT NULL,
  PRIMARY KEY (`ACCOUNT_ID`),
  KEY `FK_docu_erp_account` (`USER_ID`)
) ENGINE=MyISAM DEFAULT CHARSET=utf8;

/*Data for the table `docu_erp_account` */

insert  into `docu_erp_account`(`ACCOUNT_ID`,`USER_ID`,`BALANCE`,`ACCOUNT_TYPE`,`UPDATE_BY`,`UPDATE_TIME`) values (1000001,'CMN','1922.060','1','huma4','2015-05-16 21:05:49'),(1000002,'HUMA4','200.000','1','huma4','2015-05-16 21:03:06'),(1000003,'ZHANGDO','231.906','1','huma4','2015-05-16 21:05:49'),(1000004,'JIANGDA2','321.906','1','huma4','2015-05-16 21:05:49'),(1000005,'ZHENGEL','141.906','1','huma4','2015-05-16 21:05:49'),(1000006,'KUANGEM','169.986','1','zhangdo','2015-05-15 14:41:56'),(1000007,'YUJA5','309.756','1','huma4','2015-05-16 21:05:49'),(1000008,'ZHANGJO5','376.986','1','huma4','2015-05-16 21:05:49'),(1000009,'CHENKE7','249.906','1','zhangdo','2015-05-15 14:41:56'),(1000010,'ZHANGKY','159.906','1','zhangdo','2015-05-15 14:41:56'),(1000011,'ZHOULA','159.906','1','zhangdo','2015-05-15 14:41:56'),(1000012,'LIULE2','349.986','1','zhangdo','2015-05-15 14:41:56'),(1000013,'WANGSI2','249.456','1','zhangdo','2015-05-15 14:41:56'),(1000014,'WUSU','344.406','1','zhangdo','2015-05-15 14:41:56'),(1000015,'HUANGYE2','159.906','1','zhangdo','2015-05-15 14:41:56'),(1000016,'GUOAI','180.000','1','zhangdo','2015-05-15 14:26:01'),(1000017,'YANGSO2','180.000','1','zhangdo','2015-05-15 14:26:19'),(1000018,'HUANGTA2','0.000','1','ZHANGDO','2015-05-07 10:32:51'),(1000019,'CHENJI','0.000','1','ZHANGDO','2015-05-07 10:33:25'),(1000020,'WEIWE','0.000','1','ZHANGDO','2015-05-07 10:33:50'),(1000021,'LUJU','0.000','1','ZHANGDO','2015-05-07 10:34:51'),(1000022,'LIUWI3','0.000','1','ZHANGDO','2015-05-07 10:35:15'),(1000023,'GUOFR2','0.000','1','ZHANGDO','2015-05-07 10:35:36'),(1000024,'CLINX','249.906','1','zhangdo','2015-05-15 14:41:56'),(1000025,'JASON','249.906','1','zhangdo','2015-05-15 14:41:56'),(1000026,'NICK','159.906','1','zhangdo','2015-05-15 14:41:56'),(1000027,'FRIEDA','180.000','1','zhangdo','2015-05-15 14:28:12'),(1000028,'ALFRED','180.000','1','zhangdo','2015-05-15 14:28:26'),(1000029,'LEON','64.400','1','zhangdo','2015-05-15 14:28:41'),(1000030,'CAIAA','159.906','1','zhangdo','2015-05-15 14:41:56');

/*Table structure for table `docu_erp_acct_detail` */

DROP TABLE IF EXISTS `docu_erp_acct_detail`;

CREATE TABLE `docu_erp_acct_detail` (
  `ACCT_DETAIL_ID` bigint(20) NOT NULL,
  `ACCOUNT_ID` bigint(20) NOT NULL,
  `USER_ID` varchar(20) NOT NULL,
  `ORIGIN_AMOUNT` decimal(16,3) NOT NULL,
  `CHANGE_AMOUNT` decimal(16,3) NOT NULL,
  `BALANCE` decimal(16,3) NOT NULL,
  `PAYER_ID` varchar(20) NOT NULL,
  `TRANSACTION_TYPE` varchar(1) NOT NULL DEFAULT '1',
  `TRANSACTION_TIME` datetime NOT NULL,
  `ACTIVITY_ID` bigint(20) DEFAULT NULL,
  `PERCENT` int(11) NOT NULL DEFAULT '20',
  `UPDATE_BY` varchar(20) NOT NULL,
  `UPDATE_TIME` datetime NOT NULL,
  PRIMARY KEY (`ACCT_DETAIL_ID`),
  KEY `FK_activity_id_acct_detail` (`ACTIVITY_ID`),
  KEY `FK_account_id_acct_detail` (`ACCOUNT_ID`),
  KEY `FK_user_id_acct_detail` (`USER_ID`)
) ENGINE=MyISAM DEFAULT CHARSET=utf8;

/*Data for the table `docu_erp_acct_detail` */

insert  into `docu_erp_acct_detail`(`ACCT_DETAIL_ID`,`ACCOUNT_ID`,`USER_ID`,`ORIGIN_AMOUNT`,`CHANGE_AMOUNT`,`BALANCE`,`PAYER_ID`,`TRANSACTION_TYPE`,`TRANSACTION_TIME`,`ACTIVITY_ID`,`PERCENT`,`UPDATE_BY`,`UPDATE_TIME`) values (1000001,1000002,'HUMA4','0.000','180.000','180.000','HUMA4','1','2015-05-07 10:11:13',NULL,10,'zhangdo','2015-05-07 10:11:13'),(1000002,1000001,'CMN','0.000','20.000','20.000','HUMA4','1','2015-05-07 10:11:13',NULL,10,'zhangdo','2015-05-07 10:11:13'),(1000003,1000003,'ZHANGDO','0.000','180.000','180.000','ZHANGDO','1','2015-05-07 10:11:27',NULL,10,'zhangdo','2015-05-07 10:11:27'),(1000004,1000001,'CMN','20.000','20.000','40.000','ZHANGDO','1','2015-05-07 10:11:27',NULL,10,'zhangdo','2015-05-07 10:11:27'),(1000010,1000003,'ZHANGDO','180.000','90.000','270.000','ZHANGDO','1','2015-05-15 14:18:30',NULL,10,'zhangdo','2015-05-15 14:18:30'),(1000009,1000001,'CMN','40.000','40.000','80.000','JIANGDA2','1','2015-05-15 14:18:14',NULL,10,'zhangdo','2015-05-15 14:18:14'),(1000008,1000004,'JIANGDA2','0.000','360.000','360.000','JIANGDA2','1','2015-05-15 14:18:14',NULL,10,'zhangdo','2015-05-15 14:18:14'),(1000011,1000001,'CMN','80.000','10.000','90.000','ZHANGDO','1','2015-05-15 14:18:30',NULL,10,'zhangdo','2015-05-15 14:18:30'),(1000012,1000005,'ZHENGEL','0.000','180.000','180.000','ZHENGEL','1','2015-05-15 14:18:42',NULL,10,'zhangdo','2015-05-15 14:18:42'),(1000013,1000001,'CMN','90.000','20.000','110.000','ZHENGEL','1','2015-05-15 14:18:42',NULL,10,'zhangdo','2015-05-15 14:18:42'),(1000014,1000006,'KUANGEM','0.000','190.080','190.080','KUANGEM','1','2015-05-15 14:19:16',NULL,10,'zhangdo','2015-05-15 14:19:16'),(1000015,1000001,'CMN','110.000','21.120','131.120','KUANGEM','1','2015-05-15 14:19:16',NULL,10,'zhangdo','2015-05-15 14:19:16'),(1000016,1000007,'YUJA5','0.000','347.850','347.850','YUJA5','1','2015-05-15 14:20:22',NULL,10,'zhangdo','2015-05-15 14:20:22'),(1000017,1000001,'CMN','131.120','38.650','169.770','YUJA5','1','2015-05-15 14:20:22',NULL,10,'zhangdo','2015-05-15 14:20:22'),(1000018,1000008,'ZHANGJO5','0.000','415.080','415.080','ZHANGJO5','1','2015-05-15 14:20:46',NULL,10,'zhangdo','2015-05-15 14:20:46'),(1000019,1000001,'CMN','169.770','46.120','215.890','ZHANGJO5','1','2015-05-15 14:20:46',NULL,10,'zhangdo','2015-05-15 14:20:46'),(1000020,1000009,'CHENKE7','0.000','270.000','270.000','CHENKE7','1','2015-05-15 14:22:48',NULL,10,'zhangdo','2015-05-15 14:22:48'),(1000021,1000001,'CMN','215.890','30.000','245.890','CHENKE7','1','2015-05-15 14:22:48',NULL,10,'zhangdo','2015-05-15 14:22:48'),(1000022,1000010,'ZHANGKY','0.000','180.000','180.000','ZHANGKY','1','2015-05-15 14:23:02',NULL,10,'zhangdo','2015-05-15 14:23:02'),(1000023,1000001,'CMN','245.890','20.000','265.890','ZHANGKY','1','2015-05-15 14:23:02',NULL,10,'zhangdo','2015-05-15 14:23:02'),(1000024,1000011,'ZHOULA','0.000','180.000','180.000','ZHOULA','1','2015-05-15 14:23:10',NULL,10,'zhangdo','2015-05-15 14:23:10'),(1000025,1000001,'CMN','265.890','20.000','285.890','ZHOULA','1','2015-05-15 14:23:10',NULL,10,'zhangdo','2015-05-15 14:23:10'),(1000026,1000012,'LIULE2','0.000','370.080','370.080','LIULE2','1','2015-05-15 14:23:33',NULL,10,'zhangdo','2015-05-15 14:23:33'),(1000027,1000001,'CMN','285.890','41.120','327.010','LIULE2','1','2015-05-15 14:23:33',NULL,10,'zhangdo','2015-05-15 14:23:33'),(1000028,1000013,'WANGSI2','0.000','269.550','269.550','WANGSI2','1','2015-05-15 14:24:36',NULL,10,'zhangdo','2015-05-15 14:24:36'),(1000029,1000001,'CMN','327.010','29.950','356.960','WANGSI2','1','2015-05-15 14:24:36',NULL,10,'zhangdo','2015-05-15 14:24:36'),(1000030,1000014,'WUSU','0.000','364.500','364.500','WUSU','1','2015-05-15 14:25:27',NULL,10,'zhangdo','2015-05-15 14:25:27'),(1000031,1000001,'CMN','356.960','40.500','397.460','WUSU','1','2015-05-15 14:25:27',NULL,10,'zhangdo','2015-05-15 14:25:27'),(1000032,1000015,'HUANGYE2','0.000','180.000','180.000','HUANGYE2','1','2015-05-15 14:25:46',NULL,10,'zhangdo','2015-05-15 14:25:46'),(1000033,1000001,'CMN','397.460','20.000','417.460','HUANGYE2','1','2015-05-15 14:25:46',NULL,10,'zhangdo','2015-05-15 14:25:46'),(1000034,1000016,'GUOAI','0.000','180.000','180.000','GUOAI','1','2015-05-15 14:26:01',NULL,10,'zhangdo','2015-05-15 14:26:01'),(1000035,1000001,'CMN','417.460','20.000','437.460','GUOAI','1','2015-05-15 14:26:01',NULL,10,'zhangdo','2015-05-15 14:26:01'),(1000036,1000017,'YANGSO2','0.000','180.000','180.000','YANGSO2','1','2015-05-15 14:26:19',NULL,10,'zhangdo','2015-05-15 14:26:19'),(1000037,1000001,'CMN','437.460','20.000','457.460','YANGSO2','1','2015-05-15 14:26:19',NULL,10,'zhangdo','2015-05-15 14:26:19'),(1000038,1000024,'CLINX','0.000','270.000','270.000','CLINX','1','2015-05-15 14:27:34',NULL,10,'zhangdo','2015-05-15 14:27:34'),(1000039,1000001,'CMN','457.460','30.000','487.460','CLINX','1','2015-05-15 14:27:34',NULL,10,'zhangdo','2015-05-15 14:27:34'),(1000040,1000025,'JASON','0.000','270.000','270.000','JASON','1','2015-05-15 14:27:44',NULL,10,'zhangdo','2015-05-15 14:27:44'),(1000041,1000001,'CMN','487.460','30.000','517.460','JASON','1','2015-05-15 14:27:44',NULL,10,'zhangdo','2015-05-15 14:27:44'),(1000042,1000026,'NICK','0.000','180.000','180.000','NICK','1','2015-05-15 14:28:03',NULL,10,'zhangdo','2015-05-15 14:28:03'),(1000043,1000001,'CMN','517.460','20.000','537.460','NICK','1','2015-05-15 14:28:03',NULL,10,'zhangdo','2015-05-15 14:28:03'),(1000044,1000027,'FRIEDA','0.000','180.000','180.000','FRIEDA','1','2015-05-15 14:28:12',NULL,10,'zhangdo','2015-05-15 14:28:12'),(1000045,1000001,'CMN','537.460','20.000','557.460','FRIEDA','1','2015-05-15 14:28:12',NULL,10,'zhangdo','2015-05-15 14:28:12'),(1000046,1000028,'ALFRED','0.000','180.000','180.000','ALFRED','1','2015-05-15 14:28:26',NULL,10,'zhangdo','2015-05-15 14:28:26'),(1000047,1000001,'CMN','557.460','20.000','577.460','ALFRED','1','2015-05-15 14:28:26',NULL,10,'zhangdo','2015-05-15 14:28:26'),(1000048,1000029,'LEON','0.000','64.400','64.400','LEON','1','2015-05-15 14:28:41',NULL,0,'zhangdo','2015-05-15 14:28:41'),(1000049,1000030,'CAIAA','0.000','180.000','180.000','CAIAA','1','2015-05-15 14:29:56',NULL,10,'zhangdo','2015-05-15 14:29:56'),(1000050,1000001,'CMN','577.460','20.000','597.460','CAIAA','1','2015-05-15 14:29:56',NULL,10,'zhangdo','2015-05-15 14:29:56'),(1000051,1000001,'CMN','597.460','900.000','1497.460','Rebecca','1','2015-05-15 14:34:31',NULL,0,'zhangdo','2015-05-15 14:34:31'),(1000052,1000001,'CMN','1497.460','500.000','1997.460','Elathen','1','2015-05-15 14:34:44',NULL,0,'zhangdo','2015-05-15 14:34:44'),(1000053,1000030,'CAIAA','180.000','20.094','159.906','CAIAA','0','2012-07-12 00:00:00',1000002,20,'zhangdo','2015-05-15 14:41:56'),(1000054,1000024,'CLINX','270.000','20.094','249.906','CLINX','0','2012-07-12 00:00:00',1000002,20,'zhangdo','2015-05-15 14:41:56'),(1000055,1000004,'JIANGDA2','360.000','20.094','339.906','JIANGDA2','0','2012-07-12 00:00:00',1000002,20,'zhangdo','2015-05-15 14:41:56'),(1000056,1000003,'ZHANGDO','270.000','20.094','249.906','ZHANGDO','0','2012-07-12 00:00:00',1000002,20,'zhangdo','2015-05-15 14:41:56'),(1000057,1000005,'ZHENGEL','180.000','20.094','159.906','ZHENGEL','0','2012-07-12 00:00:00',1000002,20,'zhangdo','2015-05-15 14:41:56'),(1000058,1000006,'KUANGEM','190.080','20.094','169.986','KUANGEM','0','2012-07-12 00:00:00',1000002,20,'zhangdo','2015-05-15 14:41:56'),(1000059,1000007,'YUJA5','347.850','20.094','327.756','YUJA5','0','2012-07-12 00:00:00',1000002,20,'zhangdo','2015-05-15 14:41:56'),(1000060,1000025,'JASON','270.000','20.094','249.906','JASON','0','2012-07-12 00:00:00',1000002,20,'zhangdo','2015-05-15 14:41:56'),(1000061,1000008,'ZHANGJO5','415.080','20.094','394.986','ZHANGJO5','0','2012-07-12 00:00:00',1000002,20,'zhangdo','2015-05-15 14:41:56'),(1000062,1000009,'CHENKE7','270.000','20.094','249.906','CHENKE7','0','2012-07-12 00:00:00',1000002,20,'zhangdo','2015-05-15 14:41:56'),(1000063,1000010,'ZHANGKY','180.000','20.094','159.906','ZHANGKY','0','2012-07-12 00:00:00',1000002,20,'zhangdo','2015-05-15 14:41:56'),(1000064,1000011,'ZHOULA','180.000','20.094','159.906','ZHOULA','0','2012-07-12 00:00:00',1000002,20,'zhangdo','2015-05-15 14:41:56'),(1000065,1000012,'LIULE2','370.080','20.094','349.986','LIULE2','0','2012-07-12 00:00:00',1000002,20,'zhangdo','2015-05-15 14:41:56'),(1000066,1000026,'NICK','180.000','20.094','159.906','NICK','0','2012-07-12 00:00:00',1000002,20,'zhangdo','2015-05-15 14:41:56'),(1000067,1000013,'WANGSI2','269.550','20.094','249.456','WANGSI2','0','2012-07-12 00:00:00',1000002,20,'zhangdo','2015-05-15 14:41:56'),(1000068,1000014,'WUSU','364.500','20.094','344.406','WUSU','0','2012-07-12 00:00:00',1000002,20,'zhangdo','2015-05-15 14:41:56'),(1000069,1000015,'HUANGYE2','180.000','20.094','159.906','HUANGYE2','0','2012-07-12 00:00:00',1000002,20,'zhangdo','2015-05-15 14:41:56'),(1000070,1000001,'CMN','1997.460','85.400','1912.060','CMN','0','2012-07-12 00:00:00',1000002,20,'zhangdo','2015-05-15 14:41:56'),(1000072,1000002,'HUMA4','180.000','20.000','200.000','HUMA4','1','2015-05-16 21:03:06',NULL,50,'huma4','2015-05-16 21:03:06'),(1000073,1000001,'CMN','1912.060','20.000','1932.060','HUMA4','1','2015-05-16 21:03:06',NULL,50,'huma4','2015-05-16 21:03:06'),(1000074,1000004,'JIANGDA2','339.906','18.000','321.906','JIANGDA2','0','2015-05-16 00:00:00',1000004,10,'huma4','2015-05-16 21:05:49'),(1000075,1000003,'ZHANGDO','249.906','18.000','231.906','ZHANGDO','0','2015-05-16 00:00:00',1000004,10,'huma4','2015-05-16 21:05:49'),(1000076,1000005,'ZHENGEL','159.906','18.000','141.906','ZHENGEL','0','2015-05-16 00:00:00',1000004,10,'huma4','2015-05-16 21:05:49'),(1000077,1000007,'YUJA5','327.756','18.000','309.756','YUJA5','0','2015-05-16 00:00:00',1000004,10,'huma4','2015-05-16 21:05:49'),(1000078,1000008,'ZHANGJO5','394.986','18.000','376.986','ZHANGJO5','0','2015-05-16 00:00:00',1000004,10,'huma4','2015-05-16 21:05:49'),(1000079,1000001,'CMN','1932.060','10.000','1922.060','CMN','0','2015-05-16 00:00:00',1000004,10,'huma4','2015-05-16 21:05:49');

/*Table structure for table `docu_erp_activity` */

DROP TABLE IF EXISTS `docu_erp_activity`;

CREATE TABLE `docu_erp_activity` (
  `ACTIVITY_ID` bigint(20) NOT NULL,
  `EXPENSE_AMOUNT` decimal(16,3) NOT NULL,
  `REMARK` char(255) NOT NULL,
  `LOCATION` varchar(255) NOT NULL,
  `ACTIVITY_TIME` datetime NOT NULL,
  `PERCENT` int(11) NOT NULL DEFAULT '20',
  `UPDATE_BY` varchar(20) NOT NULL,
  `UPDATE_TIME` datetime NOT NULL,
  PRIMARY KEY (`ACTIVITY_ID`)
) ENGINE=MyISAM DEFAULT CHARSET=utf8;

/*Data for the table `docu_erp_activity` */

insert  into `docu_erp_activity`(`ACTIVITY_ID`,`EXPENSE_AMOUNT`,`REMARK`,`LOCATION`,`ACTIVITY_TIME`,`PERCENT`,`UPDATE_BY`,`UPDATE_TIME`) values (1000002,'427.000','探望Ailsa','Ailsa home','2012-07-12 00:00:00',20,'zhangdo','2015-05-15 14:41:56'),(1000004,'100.000','测试数据','南方软件园','2015-05-16 00:00:00',10,'huma4','2015-05-16 21:05:49');

/*Table structure for table `docu_erp_user` */

DROP TABLE IF EXISTS `docu_erp_user`;

CREATE TABLE `docu_erp_user` (
  `USER_ID` varchar(20) NOT NULL,
  `USER_NAME` varchar(50) NOT NULL,
  `TEL_NUMBER` varchar(11) NOT NULL,
  `IS_ACTIVE` varchar(1) NOT NULL DEFAULT '1',
  `IS_ADMIN` varchar(1) NOT NULL DEFAULT '0',
  `PASSWORD` varchar(40) NOT NULL DEFAULT '123456',
  `UPDATE_BY` varchar(20) NOT NULL,
  `UPDATE_TIME` datetime NOT NULL,
  PRIMARY KEY (`USER_ID`)
) ENGINE=MyISAM DEFAULT CHARSET=utf8;

/*Data for the table `docu_erp_user` */

insert  into `docu_erp_user`(`USER_ID`,`USER_NAME`,`TEL_NUMBER`,`IS_ACTIVE`,`IS_ADMIN`,`PASSWORD`,`UPDATE_BY`,`UPDATE_TIME`) values ('CMN','Common','18600000001','1','0','e10adc3949ba59abbe56e057f20f883e','ZHANGDO','2015-05-07 10:03:39'),('HUMA4','Marquis Hu','18688187017','1','0','e10adc3949ba59abbe56e057f20f883e','ZHANGDO','2015-05-07 10:03:46'),('ZHANGDO','Doris Zhang','13570649052','1','1','c49a36a15ac1fb8c3de2925784449288','zhangdo','2015-05-15 15:12:16'),('JIANGDA2','Dante Jiang','13500000000','1','0','e10adc3949ba59abbe56e057f20f883e','ZHANGDO','2015-05-07 10:26:42'),('ZHENGEL','Elathen Zheng','13798975536','1','0','e10adc3949ba59abbe56e057f20f883e','ZHANGDO','2015-05-07 10:27:09'),('KUANGEM','Emily Kuang','13500000000','1','0','e10adc3949ba59abbe56e057f20f883e','ZHANGDO','2015-05-07 10:27:37'),('YUJA5','Jack Y Yu','13824128520','1','0','e10adc3949ba59abbe56e057f20f883e','ZHANGDO','2015-05-07 10:27:58'),('ZHANGJO5','Johnson S Zhang','15818965135','1','0','e10adc3949ba59abbe56e057f20f883e','ZHANGDO','2015-05-07 10:28:26'),('CHENKE7','Ken Chen','13825623581','1','0','e10adc3949ba59abbe56e057f20f883e','ZHANGDO','2015-05-07 10:28:51'),('ZHANGKY','Kyle Zhang','15089162583','1','0','e10adc3949ba59abbe56e057f20f883e','ZHANGDO','2015-05-07 10:29:13'),('ZHOULA','Lance Zhou','15992689980','1','0','e10adc3949ba59abbe56e057f20f883e','ZHANGDO','2015-05-07 10:29:34'),('LIULE2','Leo X Liu','18666918221','1','0','e10adc3949ba59abbe56e057f20f883e','ZHANGDO','2015-05-07 10:29:55'),('WANGSI2','Simon Z Wang','18666918923','1','0','e10adc3949ba59abbe56e057f20f883e','ZHANGDO','2015-05-07 10:30:14'),('WUSU','Sunny Wu','13709690662','1','0','e10adc3949ba59abbe56e057f20f883e','ZHANGDO','2015-05-07 10:30:37'),('HUANGYE2','Yellow Huang','13500000000','1','0','e10adc3949ba59abbe56e057f20f883e','ZHANGDO','2015-05-07 10:31:00'),('GUOAI','Ailsa Guo','13902538651','1','0','e10adc3949ba59abbe56e057f20f883e','ZHANGDO','2015-05-07 10:31:53'),('YANGSO2','Sola Yang','15919173037','1','0','e10adc3949ba59abbe56e057f20f883e','ZHANGDO','2015-05-07 10:32:13'),('HUANGTA2','Taeky Huang','13926950971','1','0','e10adc3949ba59abbe56e057f20f883e','ZHANGDO','2015-05-07 10:32:51'),('CHENJI','Jimmy J Chen','13702570140','1','0','e10adc3949ba59abbe56e057f20f883e','ZHANGDO','2015-05-07 10:33:25'),('WEIWE','Wendy Wei','13500000000','1','0','e10adc3949ba59abbe56e057f20f883e','ZHANGDO','2015-05-07 10:33:50'),('LUJU','Julie Lu','13500000000','1','0','e10adc3949ba59abbe56e057f20f883e','ZHANGDO','2015-05-07 10:34:51'),('LIUWI3','Winds Liu','13500000000','1','0','e10adc3949ba59abbe56e057f20f883e','ZHANGDO','2015-05-07 10:35:15'),('GUOFR2','Frye Guo','13500000000','1','0','e10adc3949ba59abbe56e057f20f883e','ZHANGDO','2015-05-07 10:35:36'),('CLINX','Clinx Chen','13500000000','1','0','e10adc3949ba59abbe56e057f20f883e','zhangdo','2015-05-15 14:39:00'),('JASON','Jason Chen','13500000000','1','0','e10adc3949ba59abbe56e057f20f883e','zhangdo','2015-05-15 14:39:18'),('NICK','Nick Fu','13500000000','1','0','e10adc3949ba59abbe56e057f20f883e','zhangdo','2015-05-15 14:39:28'),('FRIEDA','Frieda Yang','13500000000','1','0','e10adc3949ba59abbe56e057f20f883e','zhangdo','2015-05-15 14:38:54'),('ALFRED','Alfred Sun','13500000000','1','0','e10adc3949ba59abbe56e057f20f883e','zhangdo','2015-05-15 14:39:08'),('LEON','Leon Li','13500000000','0','0','e10adc3949ba59abbe56e057f20f883e','ZHANGDO','2015-05-07 10:37:32'),('CAIAA','Aaron Cai','12345678910','1','0','e10adc3949ba59abbe56e057f20f883e','zhangdo','2015-05-15 14:29:34');

/*Table structure for table `docu_erp_uuid` */

DROP TABLE IF EXISTS `docu_erp_uuid`;

CREATE TABLE `docu_erp_uuid` (
  `SEQUENCE_NAME` varchar(100) NOT NULL,
  `SEQUENCE_INCREMENT` int(11) unsigned NOT NULL DEFAULT '1',
  `SEQUENCE_MIN_VALUE` int(11) unsigned NOT NULL DEFAULT '1000000',
  `SEQUENCE_MAX_VALUE` bigint(20) unsigned NOT NULL DEFAULT '18446744073709551615',
  `SEQUENCE_CUR_VALUE` bigint(20) unsigned NOT NULL DEFAULT '1000001',
  `SEQUENCE_CYCLE` tinyint(1) NOT NULL DEFAULT '0',
  PRIMARY KEY (`SEQUENCE_NAME`)
) ENGINE=MyISAM DEFAULT CHARSET=utf8;

/*Data for the table `docu_erp_uuid` */

insert  into `docu_erp_uuid`(`SEQUENCE_NAME`,`SEQUENCE_INCREMENT`,`SEQUENCE_MIN_VALUE`,`SEQUENCE_MAX_VALUE`,`SEQUENCE_CUR_VALUE`,`SEQUENCE_CYCLE`) values ('DOCU_ACCOUNT_UUID',1,1000000,18446744073709551615,1000031,0),('DOCU_ACTIVITY_UUID',1,1000000,18446744073709551615,1000005,0),('DOCU_ACCT_DETAIL_UUID',1,1000000,18446744073709551615,1000080,0);

/* Function  structure for function  `NEXTVAL` */

/*!50003 DROP FUNCTION IF EXISTS `NEXTVAL` */;
DELIMITER $$

/*!50003 CREATE DEFINER=`root`@`localhost` FUNCTION `NEXTVAL`(`SEQ_NAME` VARCHAR(100)) RETURNS bigint(20)
BEGIN
	DECLARE CUR_VAL BIGINT(20);
 
	SELECT SEQUENCE_CUR_VALUE INTO CUR_VAL
	 FROM DOCU_ERP_UUID
	WHERE SEQUENCE_NAME = SEQ_NAME;
 
	IF CUR_VAL IS NOT NULL THEN
		UPDATE DOCU_ERP_UUID
		SET SEQUENCE_CUR_VALUE = IF (
			(SEQUENCE_CUR_VALUE + SEQUENCE_INCREMENT) > SEQUENCE_MAX_VALUE,
			IF (
			SEQUENCE_CYCLE = TRUE,
			SEQUENCE_MIN_VALUE,
			NULL
			),
			SEQUENCE_CUR_VALUE + SEQUENCE_INCREMENT
		)
		WHERE SEQUENCE_NAME = SEQ_NAME;
	END IF; 
	RETURN CUR_VAL;
    END */$$
DELIMITER ;

/*!40101 SET SQL_MODE=@OLD_SQL_MODE */;
/*!40014 SET FOREIGN_KEY_CHECKS=@OLD_FOREIGN_KEY_CHECKS */;
/*!40014 SET UNIQUE_CHECKS=@OLD_UNIQUE_CHECKS */;
/*!40111 SET SQL_NOTES=@OLD_SQL_NOTES */;
